Track name,Artist name,Album,URL
3:59 AM,DIVINE,Punya Paap,https://www.youtube.com/watch?v=eHyl9KG9RWA
365,Zedd,365,https://www.youtube.com/watch?v=8kUQZ2TvBRk
911,R3HAB,911,https://www.youtube.com/watch?v=gttv7qdmPIY
2002,Anne-Marie,Speak Your Mind (Deluxe),https://www.youtube.com/watch?v=1tvLIhEaEKo
...Baby One More Time,Britney Spears,...Baby One More Time (Digital Deluxe Version),https://www.youtube.com/watch?v=C-u5WLJ9Yk4
"1, 2, 3 (feat. Jason Derulo & De La Ghetto)",SofÃ­a Reyes,Mal De Amores,https://www.youtube.com/watch?v=p03TIGqEc8o
123 Nenoka Kantri,Jr. NTR,Kantri,https://www.youtube.com/watch?v=2rD55q9HpPU
2000 Watts,Michael Jackson,Invincible,https://www.youtube.com/watch?v=VA5hpF7PH1Q
24/7 Party,Yazin Nizar,Express Raja,https://www.youtube.com/watch?v=rWKdmCw7igo
